{
  "cli": {
    "version": ">= 5.0.0"
  },
  "build": {
    "development": {
      "developmentClient": true,
      "distribution": "internal",
      "ios": {
        "resourceClass": "default"
      },
      "android": {
        "buildType": "apk",
        "gradleCommand": ":app:assembleDebug"
      }
    },
    "preview": {
      "distribution": "internal",
      "ios": {
        "resourceClass": "default"
      },
      "android": {
        "buildType": "apk",
        "gradleCommand": ":app:assembleRelease"
      }
    },
    "production": {
      "ios": {
        "resourceClass": "default"
      },
      "android": {
        "buildType": "aab",
        "gradleCommand": ":app:bundleRelease"
      }
    }
  },
  "submit": {
    "production": {
      "ios": {
        "appleId": "your-apple-id@example.com",
        "ascAppId": "your-app-store-connect-app-id",
        "appleTeamId": "your-apple-team-id"
      },
      "android": {
        "serviceAccountKeyPath": "./path/to/api-key.json",
        "track": "internal"
      }
    }
  }
}