{
  "name": "rest-express",
  "version": "1.0.0",
  "type": "module",
  "license": "MIT",
  "scripts": {
    "dev": "NODE_ENV=development tsx server/index.ts",
    "build": "echo 'Skipping frontend build for Vercel' && echo 'Server will be built by @vercel/node'",
    "start": "NODE_ENV=production node server/index.ts",
    "check": "tsc",
    "db:push": "drizzle-kit push"
  },
  "dependencies": {
    "@capacitor/android": "^7.4.2",
    "@capacitor/cli": "^7.4.2",
    "@capacitor/core": "^7.4.2",
    "@capacitor/ios": "^7.4.2",
    "@expo/cli": "^0.24.20",
    "@google-cloud/storage": "^7.17.0",
    "@hello-pangea/dnd": "^18.0.1",
    "@hookform/resolvers": "^3.10.0",
    "@jridgewell/trace-mapping": "^0.3.25",
    "@neondatabase/serverless": "^0.10.4",
    "@radix-ui/react-accordion": "^1.2.4",
    "@radix-ui/react-alert-dialog": "^1.1.7",
    "@radix-ui/react-aspect-ratio": "^1.1.3",
    "@radix-ui/react-avatar": "^1.1.4",
    "@radix-ui/react-checkbox": "^1.1.5",
    "@radix-ui/react-collapsible": "^1.1.4",
    "@radix-ui/react-context-menu": "^2.2.7",
    "@radix-ui/react-dialog": "^1.1.7",
    "@radix-ui/react-dropdown-menu": "^2.1.7",
    "@radix-ui/react-hover-card": "^1.1.7",
    "@radix-ui/react-label": "^2.1.3",
    "@radix-ui/react-menubar": "^1.1.7",
    "@radix-ui/react-navigation-menu": "^1.2.6",
    "@radix-ui/react-popover": "^1.1.7",
    "@radix-ui/react-progress": "^1.1.3",
    "@radix-ui/react-radio-group": "^1.2.4",
    "@radix-ui/react-scroll-area": "^1.2.4",
    "@radix-ui/react-select": "^2.1.7",
    "@radix-ui/react-separator": "^1.1.3",
    "@radix-ui/react-slider": "^1.2.4",
    "@radix-ui/react-slot": "^1.2.0",
    "@radix-ui/react-switch": "^1.1.4",
    "@radix-ui/react-tabs": "^1.2.4",
    "@radix-ui/react-toast": "^1.2.7",
    "@radix-ui/react-toggle": "^1.1.3",
    "@radix-ui/react-toggle-group": "^1.1.3",
    "@radix-ui/react-tooltip": "^1.1.7",
    "@replit/vite-plugin-cartographer": "^1.0.1",
    "@replit/vite-plugin-runtime-error-modal": "^1.0.0",
    "@sendgrid/mail": "^8.1.3",
    "@stripe/react-stripe-js": "^3.0.1",
    "@stripe/stripe-js": "^5.8.0",
    "@tailwindcss/typography": "^0.5.15",
    "@tailwindcss/vite": "^0.0.2",
    "@tanstack/react-query": "^5.62.0",
    "@types/connect-pg-simple": "^7.0.3",
    "@types/cors": "^2.8.17",
    "@types/express": "^4.17.21",
    "@types/express-session": "^1.18.0",
    "@types/memoizee": "^0.4.11",
    "@types/node": "^22.8.0",
    "@types/passport": "^1.0.16",
    "@types/passport-local": "^1.0.38",
    "@types/qrcode": "^1.5.5",
    "@types/react": "^18.3.12",
    "@types/react-dom": "^18.3.1",
    "@types/ws": "^8.5.13",
    "@uppy/aws-s3": "^4.3.2",
    "@uppy/core": "^4.2.3",
    "@uppy/dashboard": "^4.3.2",
    "@uppy/drag-drop": "^4.1.2",
    "@uppy/file-input": "^4.1.2",
    "@uppy/progress-bar": "^4.1.2",
    "@uppy/react": "^4.3.2",
    "@vitejs/plugin-react": "^4.3.3",
    "autoprefixer": "^10.4.20",
    "bcryptjs": "^2.4.3",
    "class-variance-authority": "^0.7.1",
    "clsx": "^2.1.1",
    "cmdk": "1.0.0",
    "connect-pg-simple": "^10.1.0",
    "cors": "^2.8.5",
    "crypto-js": "^4.2.0",
    "date-fns": "^4.1.0",
    "drizzle-kit": "^0.26.2",
    "drizzle-orm": "^0.35.3",
    "drizzle-zod": "^0.5.1",
    "eas-cli": "^13.6.0",
    "embla-carousel-react": "^8.3.1",
    "esbuild": "^0.24.0",
    "express": "^4.21.1",
    "express-rate-limit": "^7.4.1",
    "express-session": "^1.18.1",
    "express-validator": "^7.2.0",
    "framer-motion": "^11.11.11",
    "google-auth-library": "^9.15.0",
    "helmet": "^8.0.0",
    "input-otp": "^1.4.1",
    "lucide-react": "^0.454.0",
    "memoizee": "^0.4.17",
    "memorystore": "^1.6.7",
    "next-themes": "^0.4.3",
    "openai": "^4.72.0",
    "openid-client": "^6.1.3",
    "passport": "^0.7.0",
    "passport-local": "^1.0.0",
    "plaid": "^30.0.0",
    "postcss": "^8.4.49",
    "puppeteer": "^23.8.0",
    "react": "^18.3.1",
    "react-day-picker": "^9.2.1",
    "react-dom": "^18.3.1",
    "react-hook-form": "^7.53.2",
    "react-icons": "^5.3.0",
    "react-resizable-panels": "^2.1.8",
    "recharts": "^2.13.3",
    "stripe": "^17.3.1",
    "tailwind-merge": "^2.5.4",
    "tailwindcss": "^3.4.14",
    "tailwindcss-animate": "^1.0.7",
    "tsx": "^4.19.2",
    "tw-animate-css": "^1.0.1",
    "typescript": "^5.6.3",
    "vaul": "^1.1.1",
    "vite": "^5.4.10",
    "wouter": "^3.3.5",
    "ws": "^8.18.0",
    "zod": "^3.23.8",
    "zod-validation-error": "^3.4.0"
  }
}