{
	"appId": "com.adaptalyfe.app",
	"appName": "Adaptalyfe",
	"webDir": "dist/public",
	"server": {
		"url": "https://app.getadaptalyfeapp.com",
		"androidScheme": "https",
		"iosScheme": "https",
		"cleartext": false
	},
	"plugins": {
		"SplashScreen": {
			"launchShowDuration": 2000,
			"backgroundColor": "#ffffff",
			"showSpinner": true,
			"spinnerColor": "#6366f1"
		},
		"StatusBar": {
			"style": "dark",
			"backgroundColor": "#ffffff"
		},
		"Keyboard": {
			"resize": "native"
		}
	},
	"ios": {
		"contentInset": "automatic"
	},
	"packageClassList": [
		"AppPlugin",
		"HapticsPlugin",
		"KeyboardPlugin",
		"SplashScreenPlugin",
		"StatusBarPlugin"
	]
}
