{
  "hosting": {
    "public": "dist/public",
    "ignore": [
      "firebase.json",
      "**/.*",
      "**/node_modules/**",
      "server/**",
      "shared/**"
    ],
    "rewrites": [
      {
        "source": "**",
        "destination": "/index.html"
      }
    ],
    "headers": [
      {
        "source": "**/*.@(js|css)",
        "headers": [
          {
            "key": "Cache-Control",
            "value": "public, max-age=31536000, immutable"
          }
        ]
      },
      {
        "source": "**/*.@(png|jpg|jpeg|gif|svg|webp|ico)",
        "headers": [
          {
            "key": "Cache-Control",
            "value": "public, max-age=31536000, immutable"
          }
        ]
      }
    ]
  }
}